,title,category,Beschreibung,zip,description
0,21er Haus,museum,Das Museum wurde 2011 saniert und stellt unter der Leitung des Belvedere österreichische Kunst von 1945 bis heute aus.,1030,"The museum was renovated in 2011 and, under the direction of the Belvedere Austrian Art from 1945 to the present, exhibited."
1,A.E. Köchert,shopping,Dieser Traditions-Juwelier schmückt heute mit seinen Brillant-Sternen auch ungekrönte Häupter.,1010,This traditional jeweler also adorns uncrowned heads with its brilliant stars.
2,Aida,cafes,"Aida ist eine Wiener Konditoreikette. Das Design der 50er, 60er und 70er, opulente Süßspeisen, hervorragender Kaffee und viel Rosa sind die Zutaten zum Erfolg.",1010,"AIDA is a Viennese pastry chain.The design of the 50s, 60s and 70s, opulent desserts, excellent coffee and a lot of pink are the ingredients for success."
3,Akademietheater,musicstage,Seit 1922 ist das Akademietheater die zweite Spielstätte des Burgtheaters. Hier werden vor allem zeitgenössische Stücke gespielt.,1030,The Academy Theater has been the second venue of the Burgtheater since 1922.Contemporary pieces are particularly played here.
4,Albertina,museum,Die Albertina besitzt nicht nur eine der größten und wertvollsten grafischen Sammlungen der Welt mit Werken wie Dürers „Feldhase“ und Klimts Frauenstudien. Ihre neue Schausammlung präsentiert Meisterwerke der Moderne und spannt damit den Bogen von Monet über Picasso zu Baselitz.,1010,"The Albertina not only has one of the largest and most valuable graphic collections in the world with works such as Dürer's ""Feldhase"" and Klimt's women's studies.Your new show collection presents masterpieces of modernity and thus spans the arch from Monet via Picasso to Baselitz."
5,Altmann & Kühne,cafes,"Die „kleinste Verführung"" Wiens: handgefertigte Bonbons nach alten Originalrezepten (weltweiter Versand!). ",1010,"The ""smallest seduction"" of Vienna: handmade candies according to old original recipes (worldwide shipping!)."
6,Anna Sacher,restaurants,Facettenreich wie der Charakter seiner Namensgeberin präsentiert sich dieses 2-Hauben-Restaurant,1010,This 2-hood restaurant presents itself multifaceted like the character of his namesake
7,Anzenberger Gallery,museum,"Die 1989 gegründete Gallerie zeigt hauptsächlich internationale Künstler aus den Bereichen Photojournalismus, Dokumentation, Reportage und Portrait. ",1100,"The gallery, founded in 1989, mainly shows international artists from the fields of photojournalism, documentation, reportage and portrait."
8,Atelier 10,museum,"Das 2012 eröffnete Atelier bietet Künstlern, die aus sozialen Gründen, nicht selbständig in der Kunst bewegen können, Unterstützung. Neben Raum werden auch Materialen zur Verfügung gestellt.  ",1100,"The studio opened in 2012 offers supports artists who cannot move independently in art for social reasons.In addition to space, materials are also provided."
9,Az W – Architekturzentrum Wien,sightseeing,"Das Az W genießt mittlerweile in aller Welt eine hohe Reputation als Informations-, Wissens- und Forschungszentrum sowie als Architektursammlung. Hier werden die international aktuellen Leistungen der Architektur einer breiten Öffentlichkeit vermittelt und die nationale Architekturgeschichte des 20. und 21. Jahrhunderts kritisch beleuchtet. ",1070,"The AZ W now enjoys a high reputation all over the world as information, knowledge and research center as well as as an architectural collection.Here the international services of the architecture are conveyed to a general public and the national architectural history of the 20th and 21st centuries are critically highlighted."
10,B72,nightlife,"Eines der angesagtesten Lokale am Gürtel, unter der U-Bahn. Besonderheit: zweistöckig. Live-Musik und DJs",1080,"One of the hottest restaurants on the belt, under the subway.Special feature: two -story.Live music and DJs"
11,Babenberger Passage,nightlife,"In einer aufgelassenen Fußgänger-Unterführung hat sich ein Club der besonderen Art etabliert, der mit futuristischem Interieur besticht.",1010,"In an abandoned pedestrian underpass, a special club has established itself, which impresses with futuristic interior."
12,Backhausen,shopping,Geschenkartikel und Wohnaccessoires nach historischen Originalentwürfen. Wiener Traditionsunternehmen.,1010,Gifts and home accessories according to historical original designs.Traditional Vienna.
13,Badeschiff,nightlife,Am Oberdeck des fest verankerten Stadtbads auf zwei Schiffen verlockt der überdachte Pool zum Schwimmen im angenehm temperierten Wasser. Die wahre Attraktion verbirgt sich allerdings unter Deck: Der ehemalige Laderaum ist jetzt Dancefloor zum coolen Abtanzen unterhalb der Wasserlinie.,1010,"At the upper deck of the festival anchored urban bath on two ships, the covered pool tempts for swimming in the pleasantly tempered water.However, the real attraction is hidden below deck: the former cargo area is now dance floor for cool peeling below the waterline."
14,Barfly's,nightlife,"Eine Hotelbar nahe der Mariahilfer Straße, in der alles klassisch ist.",1060,"A hotel bar near Mariahilfer Straße, where everything is classic."
15,Burgtheater,musicstage,"Das Haus am Ring wurde 1874 bis 1888 nach den Plänen von Gottfried Semper und Karl von Hasenauer erbaut und ist auch heute noch eine der ersten Adressen für deutschsprachige Schauspielkunst. Führungen: in Deutsch und Englisch bzw. mit englischer Zusammenfassung, Dauer ca. 1 Stunde; andere Sprachen auf Anfrage.",1010,"The Haus am Ring was built from Gottfried Semper and Karl von Hasenauer from 1874 to 1888 and is still one of the first addresses for German -language acting.Guided tours: in German and English or with English summary, duration approx. 1 hour;Other spoke on request."
16,Café Berg,cafes,"Das Café und die daneben ansässige Buchhandlung ""Löwenherz"" sind fixer Treffpunkt der Wiener Homosexuellen-Community und ihrer Freunde.",1090,"The café and the ""Löwenherz"" bookstore, which is located next to it are a fixed meeting point for the Vienna homosexual community and its friends."
17,Café Central,cafes,"Das Café Central war immer wieder Heimat großer Dichter, Lenker und Denker. Der Charme des berühmtesten Kaffeehauses der Welt macht jeden Besuch zu einem besonderen kulinarischen Erlebnis.",1010,"The Café Central was always home to great poets, handlebars and thinkers.The charm of the world's most famous coffee house makes every visit a special culinary experience."
18,Café Diglas,cafes,"Ein Wiener Traditionscafé im Zentrum der Stadt. Hier wird Genuss groß geschrieben, vom Frühstück bis zum Dinner gibt’s zu jeder Tageszeit das passende Angebot.",1010,"A traditional Viennese café in the center of the city.This is very important here, from breakfast to dinner there is the right offer at any time of the day."
19,Café Drechsler,cafes,Das legendäre Café Drechsler  am Naschmarkt wurde vom britischen Stardesigner Sir Terence Conran mit viel Fingerspitzengefühl umgestaltet. Täglich 23 Stunden geöffnet – ab drei Uhr morgens werden die ersten Gäste verköstigt. ,1060,The legendary Café Drechsler at the Naschmarkt was redesigned by the British star designer Sir Terence Conran with a lot of tact.Open 23 hours a day - from three in the morning the first guests are tasted.
20,Café Hawelka,cafes,Eine Wiener Institution. Sein einzigartiger Charme macht das Hawelka zum beliebten Treffpunkt für Künstler und zu einem Ort der Ruhe - nur eine Seitengasse vom Stephansplatz entfernt.,1010,A Viennese institution.His unique charm makes the Hawelka a popular meeting place for artists and a place of calm - just a side street from Stephansplatz.
21,Café Landtmann,cafes,"In diesem Wiener Traditions-Kaffeehaus waren u.a. Sigmund Freud, Marlene Dietrich, Romy Schneider, Paul McCartney und Hillary Clinton zu Gast.",1010,"In this traditional Vienna coffee house, among others, Sigmund Freud, Marlene Dietrich, Romy Schneider, Paul McCartney and Hillary Clinton were guests."
22,Café Leopold,cafes,"Gestaltet hat das Lokal im Leopold Museum das Wiener Architektenteam Ortner & Ortner. Das Café zeigt besonders bei Einbruch der Dunkelheit viel Charme und Wärme. Gute ""neue"" Wiener Küche, DJs am Abend. Schanigarten / Garten; Terasse",1070,"The restaurant in the Leopold Museum designed the Vienna Architectural team Ortner & Ortner.The café shows a lot of charm and warmth, especially when dark.Good ""new"" Viennese cuisine, DJs in the evening.Shanig species / garden;Terrace"
23,Café Prückel,cafes,"Ein Ringstraßen-Café gegenüber dem Museum für angewandte Kunst, dessen Interieur aus den 1950er-Jahren nicht nur Kaffeehaus-Freunde begeistert.",1010,"A ring road café compared to the Museum of Applied Arts, whose interior from the 1950s not only inspires coffee house friends."
24,Café Rüdigerhof,cafes,"Karten spielen, Zeitung lesen oder über Gott und die Welt plaudern: Im Café Rüdigerhof kommt keine Hektik auf. Das in der Nähe des Naschmarktes gelegene Lokal befindet sich in einem der schönsten Jugendstilhäuser Wiens.",1050,"Playing cards, reading the newspaper or chatting about God and the world: There is no hustle and bustle in the Café Rüdigerhof.The restaurant near the Naschmarkt is located in one of the most beautiful Art Nouveau houses in Vienna."
25,Café Sacher,cafes,Hier genießt man altehrwürdige Wiener Kaffeehaustradition am besten mit einer Sacher-Torte.,1010,Here you can enjoy time-honored Viennese coffee house tradition with a Sacher cake.
26,Café Stein,gastronomy,Ein angesagter Treff in einer angesagten Gegend.Ganz nahe bei der Universität trifft sich seit Ewigkeiten eine interessante Mischung aus alter und junger Szene. ,1090,A trendy meeting in a trendy area. Ganz near the university has been an interesting mix of old and young scene for ages.
27,Chelsea,nightlife,Das Urgestein der Gürtel-Lokale.Musik von Punk bis Brit-Pop. Jede Woche spielen hier auch mehrere Bands (oft aus England) live.,1080,"The veteran of the belt local. Music from punk to Brit pop.Every week, several bands (often from England) play live."
28,Corbaci,gastronomy,Hier gehört hochwertige Architektur zum Pflichtprogramm: die bemerkenswerte Mosaikdecke steht im Kontrast zur restlichen minimalistischen Architektur des Lokals.,1070,High -quality architecture is part of the mandatory program here: the remarkable mosaic blanket is contrasting to the rest of the minimalist architecture of the restaurant.
29,Das Möbel - Das Café,cafes,"Kein Tisch gleicht dem anderen, jeder Sessel schaut anders aus - und die Gäste können hier nicht nur essen und trinken. Sondern auch die - ständig wechselnden - Einrichtungsstücke kaufen.",1070,"No table compensates for the other, every armchair looks different - and the guests can not only eat and drink here.But also buy the - constantly changing - furnishings."
30,Das Möbel - Das Geschäft,shopping,"Ein absolut kreativer Shop nahe der Einkaufsmeile Mariahilfer Straße, der zum Staunen und Stöbern einlädt.",1060,"An absolutely creative shop near the shopping mile Mariahilfer Straße, which invites you to marvel and browse."
31,Demel K. & K. Hofzuckerbäcker,shopping,Die einstige k.u.k. Hofzuckerbäckerei steht noch heute für höchste Qualität in Sachen Mehlspeisen & Kaffee. ,1010,The former K.U.K.Hard sugar bakery still stands for the highest quality in terms of pastries & coffee.
32,Dommuseum,museum,"Es liegt gleich neben dem Stephansdom. Zu sehen sind Kostbarkeiten sakraler Kunst, liturgische Geräte, das kunstgeschichtlich bedeutende Bildnis des Habsburgers Herzog Rudolfs IV., gemalt um 1365, und vieles mehr.",1010,"It is right next to St. Stephen's Cathedral.You can see treasures of sacred art, liturgical devices, the portrait of the Habsburg Duke Rudolf IV., Painted around 1365, and much more."
33,Donauturm,sightseeing,"252 Meter hoch, mit zwei Schnell-Liften, die Sie binnen 45 Sekunden zum rotierenden Aussichts-Restaurant in 170 Metern Höhe bringen.",1220,"252 meters high, with two quick lifts, which they bring to the rotating viewing restaurant at a height of 170 meters within 45 seconds."
34,Dorotheum Juwelier,shopping,"Das Palais Dorotheum ist seit 1901 Sitz des ""Dorotheums"", eines der führenden Auktionshäuser weltweit. Rarer Schmuck von Art Déco bis zur Moderne kann nicht nur ersteigert sondern auch erworben werden.",1010,"The Palais Dorotheum has been the seat of the ""Dorotheum"", one of the leading auction houses worldwide since 1901.Rar jewelry from Art Deco to modernity can not only be bought but also acquired."
35,Dschungel Wien,musicstage,Junge Menschen von 2 bis 22 sind das Zielpublikum des Theaters für junges Publikum im MuseumsQuartier Wien. ,1070,Young people from 2 to 22 are the target audience of the theater for young audiences in the Museumsquartier Vienna.
36,Elfenkleid,shopping,"Damenmode, bei der Tragekomfort und trendunabhängige Eleganz in schlichtem, geradlinigem Design dominiert.",1040,"Women's fashion, in terms of wearing comfort and trend -independent elegance in a simple, straight design."
37,First Floor,nightlife,"Inmitten der Innenstadt im Nightlife-Gebiet ""Bermuda Dreieck"" liegt - ein wenig versteckt im 1. Stock - eine der besten Cocktail-Bars der Stadt.",1010,"In the middle of the city center in the Nightlife area ""Bermuda Dreieck"" - a little hidden on the 1st floor - one of the city's best cocktail bars."
38,Flex,nightlife,"Star-DJs der Techno- und Drum'n'Bass-Szene, die angesagtesten Stars der Alternative Music und aktuellen Dancekultur statten dem Flex regelmäßig einen Besuch ab.",1010,"Star DJs of the techno and drum'n'bass scene, the hottest stars of the alternative music and current dance culture regularly pay a visit to the flex."
39,Fluc,nightlife,These clubs are strongly influenced by electronic music; everything from avant garde noise performances to boisterous indie disco parties take place here.,1020,Thesis clubs are Strongly influenced by electronic music;Everything from avant garde noise performances to boisterous indie disco parties take place here.
40,Gergely's,restaurants,Das Angebot in diesem Szeneviertel reicht von gediegener österreichischer Küche beim Silberwirt bis zu italienischen Köstlichkeiten in der Trattoria Margareta.,1050,The offer in this scene district ranges from solid Austrian cuisine at the Silberwirt to Italian delicacies in the Trattoria Margareta.
41,Glacis Beisl,gastronomy,Klassiker der Wiener Küche und eine große Auswahl an österreichischen Weinen stehen hier auf der Karte.,1070,Classics of Viennese cuisine and a large selection of Austrian wines are on the menu.
42,Haas & Haas,shopping,"Das traditionsreiche Teehaus bietet duftende Tees und andere exklusive Produkte, die im Lokal nebenan konsumiert werden können.",1010,The traditional tea house offers fragrant teas and other exclusive products that can be consumed in the restaurant next door.
43,Haus der Musik,museum,In der musikalischen Erlebniswelt im Herzen der Stadt wird Musik mit allen Sinnen erlebbar.,1010,"In the musical world of experience in the heart of the city, music can be experienced with all your senses."
44,Haus des Meeres Vivarium Wien,museum,"Fische aus dem Mittelmeer, aus tropischen und heimischen Gewässern, freifliegende Vögel, herumlaufende Äffchen und Krokodile bietet dieses Vivarium.",1060,"This vivarium offers fish from the Mediterranean, made of tropical and domestic waters, free -flying birds, running around and crocodiles."
45,Hermesvilla Wien Museum,sightseeing,Die Villa der berühmten Kaiserin Elisabeth ist heute ein beliebter Schauplatz vielbeachteter Sonderausstellungen zu kulturgeschichtlichen Themen.,1130,The villa of the famous Empress Elisabeth is now a popular scene of highly respected special exhibitions on cultural -historical topics.
46,Hofburg,sightseeing,"Inmitten der Altstadt können die Privatgemächer und Repräsentationsräume der Habsburger, sowie zahlreiche Museen besichtigt werden.",1010,"In the middle of the old town, the private pickers and representation rooms of the Habsburgs, as well as numerous museums, can be visited."
47,Hotel Sacher,accommodations,Beschreibung,1010,Description
48,Jüdisches Museum Wien,museum,"Dieses Haus bietet eine ständige Schau zur jüdischer Geschichte und Religion sowie Wechselausstellungen zu verschiedenen Themen wie jüdische Literatur, Architektur, Fotografie, Kunst.",1010,"This house offers a permanent show on Jewish history and religion as well as alternating exhibitions on various topics such as Jewish literature, architecture, photography, art."
49,Julius Meinl am Graben,shopping,Hier kann man feinste Kulinarik und Lebensart aus aller Herren Länder in unvergleichlicher Atmosphäre erleben.,1010,Here you can experience the finest culinary and way of life from all over the world in an incomparable atmosphere.
50,Karlskirche,sightseeing,"Der auffällige Sakralbau mit der mächtiger Kuppel zählt zu den wichtigsten Barockbauten Wiens. Ein Lift führt bis in die Kuppel, so dass die berühmten Rottmayr-Fresken ganz aus der Nähe betrachtet werden können.",1040,"The striking sacred building with the powerful dome is one of the most important baroque buildings in Vienna.A lift leads to the dome, so that the famous Rottmayr frescoes can be viewed up close."
51,Kirche am Steinhof,sightseeing,Das architektonisches Meisterwerk Otto Wagners ist der erste Kirchenbau der Moderne in Europa und ein Wiener Jugendstiljuwel.,1140,The architectural masterpiece of Otto Wagner is the first church building of modernity in Europe and a Viennese Art Nouveau jewel.
52,Kleines Café,cafes,In diesem beliebten Szenetreffpunkt sieht man vor allem Leute aus dem künstlerischen Bereich.,1010,In this popular scene meeting point you can see above all people from the artistic field.
53,Kunst Haus Wien,museum,Das von Friedensreich Hundertwasser im typischen Stil erbaute Haus bietet eine Schau seiner Werke sowie wechselnde Ausstellungen spannender Gegenwartskunst.,1030,"The house, built by Friedensreich Hundertwasser in the typical style, offers a show of its works and changing exhibitions of exciting contemporary art."
54,Kunsthalle Wien,museum,Die Kunsthalle Wien im MuseumsQuartier konzentriert sich auf Präsentationen internationaler zeitgenössischer Kunst.,1070,The Kunsthalle Vienna in the museum district focuses on presentations of international contemporary art.
55,Kunsthistorisches Museum,museum,Mit seiner Kollektion bedeutender Werke und der weltgrößten Bruegel-Sammlung zählt das KHM zu den bedeutendsten Kunstsammlungen der Welt.,1010,"With its collection of significant works and the world's largest bruegel collection, the KHM is one of the most important art collections in the world."
56,Leopold Museum,museum,"Hunderte Meisterwerke der österreichischen Moderne, zusammengetragen vom leidenschaftlichen Kunstliebhaber Dr. Rudolf Leopold, zeigt das neue Leopold Museum im MuseumsQuartier.",1070,"Hundreds of masterpieces of Austrian modernity, compiled by the passionate art lover Dr.Rudolf Leopold shows the new Leopold Museum in the Museumsquartier."
57,Loft 8,museum,Das Loft 8 stellt vorwiegend Kunst junger österreichischer oder in Österreich lebender Künster aus.,1100,Loft 8 mainly exhibits art of young Austrian or Austria -living artists.
58,Loft City (ehemalige Ankerbrotfabrik),musuem,"In den einstigen Gebäuden der Ankertbrotfabrik wurden Lofts errichtet, die neben Gallerien auch Ateliers und eine Veranstaltungshalle beherbergen.",1100,"Lofts were built in the former buildings of the anchor bread factory, which in addition to Gallenien also accommodate studios and an event hall."
59,Loos American Bar,nightlife,"Eine mondäne Bar zum Schauen und Chillen, heute wie damals beliebt.",1010,"A sophisticated bar to look and chill, today as popular."
60,Ludwig Reiter Schuhmanufaktur,shopping,Die besondere Tradition des Hauses ist die Erzeugung rahmengenähter Schuhe im klassisch Wiener Stil.,1010,The special tradition of the house is the production of framework -sewn shoes in the classic Viennese style.
61,Ludwig Reiter Schuhmanufaktur,shopping,Die besondere Tradition des Hauses ist die Erzeugung rahmengenähter Schuhe im klassisch Wiener Stil.,1010,The special tradition of the house is the production of framework -sewn shoes in the classic Viennese style.
62,MAK - Österreichisches Museum für angewandte Kunst/Gegenwartskunst,museum,"In diesem Museum für Design sieht man auch kostbares Kunsthandwerk der Wiener Werkstätte, Bugholzmöbel von Thonet und Highlights des Jugendstils.",1010,"In this Museum of Design you can also see precious handicrafts of the Wiener Werkstätte, Bagholz furniture from Thonet and highlights of the Art Nouveau."
63,MAK Design Shop ,shopping,Artikel des täglichen Lebens in jungem und ausgefallenem Design können hier erstanden werden.,1010,Articles of daily life in a young and unusual design can be purchased here.
64,Manner Shop,shopping,"Die Manner Schnitten, jene Nougat-Waffeln in der rosaroten Verpackung mit der Silhouette des Stephansdoms, sind absoluter Kult und in diesem Shop täglich frisch",1010,"The men cut, those nougat waffles in the pink packaging with the silhouette of the Stephansdom are absolutely cult and fresh in this shop every day"
65,Motto,restaurants,"Das Restaurant Motto bewährt sich seit Jahren als Hotspot der Wiener Gastro-Szene. Hier mischen sich internationale Stars gerne unter das bunte Volk der ""Motto-Gäste"".",1050,"The Motto restaurant has proven itself as a hotspot of the Vienna Gastro scene for years.Here international stars like to mix among the colorful people of the ""motto guests""."
66,MQ Point,shopping,"Mehr als ein Museumsshop: Hier findet man Tassen und  Taschen in coolem Design, Buttons oder T-Shirts mit spaßigen Aufdrucken.",1070,"More than a museum shop: Here you will find cups and bags in cool design, buttons or T-shirts with fun prints."
67,Mühlbauer Hutmanufaktur,shopping,Trendige Kopfbedeckungen des 1903 in Wien gegründeten Familienunternehmens schmückt heute die Häupter des internationalen Jetsets.,1010,Trendy headgear of the family business founded in Vienna in 1903 adorns the heads of the international jet set today.
68,mumok - Museum moderner Kunst Stiftung Ludwig Wien,museum,"Bedeutende Werke internationaler Künstler aus den Bereichen Pop Art, Fluxus, Nouveau Réalisme und Wiener Aktionismus sind hier zu sehen.",1070,"Important works of international artists from the areas of Pop Art, Fluxus, Nouveau Réalisme and Viennese actionism can be seen here."
69,MuseumsQuartier Wien,museum,Das Aufsehen erregende Kunstareal nahe der Hofburg lockt nicht nur mit prominenten Museen sondern auch mit einer quicklebendigen Lokal-Szene,1070,The sensational art nature near the Hofburg attracts not only with prominent museums but also with a lively local scene
70,Musikverein,musicstage,"Musikfreunde auf der ganzen Welt kennen den Musikverein als Zentrum der Wiener Musikkultur, als Mittelpunkt des internationalen Konzertlebens, als Eldorado klassischer Musik.",1010,"Music lovers around the world know the music association as the center of Viennese music culture, as the center of international concert life, as an Eldorado classical music."
71,MuTh Museum & Theater,musicstage,Das MuTh ist ein 2012 eröffneter Konzertsaal der Wiener Sängerknaben. Neben dem berühmten Chor treten auch andere Größen der Musikbranche auf.,1020,"The Muth is a concert hall of the Viennese singing boys opened in 2012.In addition to the famous choir, other sizes of the music industry also appear."
72,Naschmarkt Deli,gastronomy,Ein beliebter Platz der Wiener Szene - Sounds zwischen Break Beats und Easy Listening von Wiener und internationalen DJs kann man hier hören.,1060,A popular place in the Viennese scene - Sounds between Break Beats and Easy Listening from Viennese and International DJs can be heard here.
73,Naturhistorisches Museum,museum,Von Insekten über Edelsteine und Mineralien bis zu Flugsauriern gewinnen Sie in diesem Museusm nahe der Hofburg faszinierende Einblicke in die Geschichte unserer Erde.,1010,"From insects to gemstones and minerals to airsaur, you gain fascinating insights into the history of our earth near the Hofburg."
74,Original Wiener Schneekugelmanufaktur & Schneekugelmuseum,museum,Seit über 100 Jahren verzaubern die Glaskugeln der Wiener Manufaktur Perzy mit ihren liebevoll gestalteten Winterlandschaften.,1170,"For over 100 years, the glass balls of the Vienna Manufaktur Perzy have been enchanted with their lovingly designed winter landscapes."
75,Österreichische Werkstätten,shopping,"Das Fachgeschäft für Designerschmuck, Glas, Mode-Accessoires und Wien Products.",1010,"The specialist shop for designer jewelry, glass, fashion accessories and Vienna Products."
76,Österreichisches Filmmuseum,museum,"Werke von heimischen und internationalen Filmemachern, Vorträge und eine Bibliothek lassen hier die Herzen von Filmliebhabern höher schlagen. ",1010,"Works by domestic and international filmmakers, lectures and a library make the hearts of film lovers beat faster."
77,Otto Wagner Pavillon,sightseeing,Dieses ehemalige Stadtbahn-Stationsgebäude ist ein Wahrzeichen des Jugendstils und bietet heute den Rahmen für eine kompakte Otto Wagner Präsentation.,1040,This former Stadtbahn station building is a symbol of Art Nouveau and now offers the framework for a compact Otto Wagner presentation.
78,Palmenhaus,sightseeing,In dem ehemaligen Gewächshaus speist man zwischen exotischen Pflanzen und entspannt sich bei einem guten Glas Wein oder einem feinen Cocktail.,1130,In the former greenhouse you feed between exotic plants and relax with a good glass of wine or a fine cocktail.
79,Park,shopping,In diesem ganz in Weiß gehaltenem Concept Store findet man Mode heimischer und internationaler Labels.,1070,"In this concept store, which is in a white -white concept, you will find fashion of local and international labels."
80,Pitti,shopping,"Ob gediegen oder flippig, wer Taschen liebt, ist hier zu Hause.",1010,"Whether solid or funky, whoever loves bags is at home here."
81,Porgy & Bess,musicstage,"Jazz vom Feinsten  findet man im Porgy & Bess, einem renommierten Jazz- und Musicclub mit vielfältigem Programmangebot. Österreichischer und internationaler Musiker setzen hier außergewöhnliche und interessante musikalische Schwerpunkte. ",1010,"The finest jazz can be found in Porgy & Bess, a renowned jazz and music club with a variety of programs.Austrian and international musicians set extraordinary and interesting musical focus here."
82,Pratersauna,nightlife,"Die großzügigen Räumlichkeiten einer ehemaligen Sauna im Prater sind Treffpunkt der Musik-, Kunst-, Kultur- und Lifestyle-Szene.",1020,"The generous premises of a former sauna in the Prater are the meeting point for the music, art, cultural and lifestyle scene."
83,Pregenzer Fashionstore,shopping,Neben den eigenen puristisch-strengen Kollektionen sind hier auch internationale Designerlabels vertreten.,1040,"In addition to your own puristic-strict collections, international designer labels are also represented here."
84,Raimund Theater,musicstage,"Das Raimund Theater war lange Zeit das Stammhaus publikumswirksamer Operetten, bevor auch hier in den 1970er Jahren das Musical Einzug hielt. Heute ist es eine Musical-Spielstätte der Vereinigten Bühnen Wiens.",1060,"For a long time, the Raimund Theater was the parent company operetta, before the musical arrived here in the 1970s.Today it is a musical venue of the United Bühnen in Vienna."
85,Ra'mien,gastronomy,"Asiatische Fusionsküche in einem absolut coolen Ambiente. Nicht teuer, nette Menschen und vor allem beste Qualität. ",1060,"Asian fusion kitchen in an absolutely cool ambience.Not expensive, nice people and, above all, the best quality."
86,Restaurant Vestibül,restaurants,Das Lokal im Burgtheater ist eine Großstadtbrasserie der Sonderklasse mit einem der schönsten Gastgärten der Stadt.,1010,The restaurant in the Burgtheater is a special class in the special class with one of the most beautiful guest gardens in the city.
87,Riesenrad,sightseeing,"Von diesem Wahrzeichen Wiens kann man den Blick auf die Stadt aus 64,75 Meter Höhe genießen.",1020,From this landmark of Vienna you can enjoy the view of the city from 64.75 meters.
88,Ronacher Theater,musicstage,"Das Ronacher, jenes Theater, in dem alle Stars des Revuetheaters ihr Wien-Debüt feierten, ist heute die Musicalbühne in der Wiener Innenstadt.",1010,"The Ronacher, the theater in which all stars of the Revuetheater celebrated their Vienna debut, is now the musical stage in downtown Vienna."
89,Säulenhalle,nightlife,Die Clubdiskothek mit dem blumengeschmückten und palmenbestückten Garten bietet Tanzunterhaltung mit Stil.,1010,The club discotheque with the flower -decorated and palm -covered garden offers dance entertainment with style.
90,Schatzkammer ,sightseeing,"Hier, im ältesten Teil der Hofburg (13. Jh.), finden Sie nicht nur die Kaiserkrone des Heiligen Römischen Reiches (um 962) und die österreichische Kaiserkrone (1602), sondern auch den Burgunderschatz aus dem 15. Jahrhundert und den Schatz des Ordens vom Goldenen Vlies.",1010,"Here, in the oldest part of the Hofburg (13th century), you will not only find the imperial crown of the Holy Roman Empire (around 962) and the Austrian imperial crown (1602), but also the Burgundy treasure from the 15th century and the treasure of the orderFrom the golden fleece."
91,Schau Schau Brillen,shopping,In diesem außergewöhnlichen Fachgeschäft mit hauseigener Manufaktur werden Augen mit Formenreichtum und Farbvielfalt verwöhnt.,1010,"In this extraordinary specialist shop with in -house manufactory, eyes are spoiled with shape and variety of colors."
92,Schauraum Lichterloh,museum,Der Schauraum Lichterloh zeigt Designermöbel von damals und heute,1100,The showroom light -loved designer furniture from then and now shows
93,Schloss Belvedere,sightseeing,"Besuchen Sie Gustav Klimt's legendäres Gemälde ""Der Kuss"" und die bedeutenden Werke von Schiele und Kokoschka.",1030,"Visit Gustav Klimt's legendary painting ""The Kiss"" and the important works by Schiele and Kokoschka."
94,Schloss Schönbrunn,sightseeing,"Schönbrunn, die ehemalige Sommerresidenz der Kaiserfamilie, zählt zu den schönsten Barockschlössern Europas.",1130,"Schönbrunn, the former summer residence of the imperial family, is one of the most beautiful baroque locks in Europe."
95,Schokoladekönig,shopping,Handgemachte Schokolade-Köstlichkeiten von goldenen Wienerherzen bis zu Schokoladeknöpfen warten hier auf Naschkatzen.,1010,Handmade chocolate delicacies from golden Viennese hearts to chocolate buttons are waiting for sweet tooth here.
96,Secession,museum,In diesem bedeutenden Jugendstilgebäude mit seinem markanten goldenen Blätterdach ist Klimts berühmter Beethovenfries zu sehen.,1010,Klimt's famous Beethovenfries can be seen in this important Art Nouveau building with its striking gold leaf roof.
97,shu! ,shopping,"Ein Shop, so extravagant wie seine Schreibweise - macht Menschen mit dem etwas anderen Geschmack Lust auf neue Fußbekleidung.",1070,"A shop, as extravagant as his spelling - makes people want to find new footwear with the slightly different taste."
98,Sisi Museum,sightseeing,In den originalen Privatgemächern der Kaiserin Elisabeth sind zahlreiche persönliche Objekte sowie die berühmtesten Elisabeth-Porträts zu sehen.,1010,Numerous personal objects and the most famous Elisabeth portraits can be seen in the original private compartments of Empress Elisabeth.
99,Sky Café Restaurant Bar,gastronomy,Hier bietet sich vom obersten Stock des Kaufhauses Steffl ein hervorragender Blick über die Innenstadt.,1010,"From the top floor of the Steffl department store, there is an excellent view of the city center."
100,Song,shopping,Die Boutique Song bietet aktuelle Mode von renommierten Designern und ist auch Wiens erster Acne-Shop.,1020,The Boutique Song offers current fashion from renowned designers and is also Vienna's first acne shop.
101,Spanische Hofreitschule,sightseeing,Reitkunst in höchster Vollendung kann man hier im barocken Ambiente der Hofburg erleben.,1010,Riding art at the highest level can be experienced here in the baroque ambience of the Hofburg.
102,Staud's Wien,shopping,Seit 1947 verkauft hier Familie Staud erlesene Konfitüren und Gemüsedelikatessen.,1160,"Since 1947, the Staud family has been selling fine jams and vegetable elements."
103,Stein's Diner,gastronomy,"Schon am Morgen ist im Café einiges los und wer bis in die Nacht bleiben will, der begibt sich am Abend in ""Stein's Diner"" unter dem Café.",1090,"There is a lot going on in the café in the morning and if you want to stay into the night, you go under the café in ""Stein's Diner"" in the evening."
104,Stephansdom,sightseeing,"Das Wahrzeichen Wiens und Österreichs bedeutendstes gotisches Bauwerk beherbergt eine Reihe von Kunstschätzen, die teilweise im Rahmen einer Führung besichtigt werden können: z.B. das Grabmal Kaiser Friedrichs III., der Wiener Neustädter Altar, die Katakomben, die Pummerin - die größte Glocke Österreichs usw.",1010,"The symbol of Vienna and Austria's most important Gothic building houses a number of art treasures, some of which can be visited as part of a tour: e.g. the tomb of Emperor Friedrich III, the Viennese Neustädter Altar, the catacombs, the Pummerin - the largest bell in Austria, etc."
105,Sterngasse4,shopping,Ein Store mit den aktuellsten Trends und Labels aus aller Welt und Fokus auf schicke Kleider und Accessoires.,1010,A store with the latest trends and labels from all over the world and focus on chic clothes and accessories.
106,Strandbar Herrmann,gastronomy,"Sonne, Sand und Urlaubsfeeling, gutes Essen und coole Drinks bietet am Wiener Donaukanal die Strandbar Herrmann.",1010,"Sun, sand and holiday feeling, good food and cool drinks offer the Herrmann beach bar on the Vienna Danube Canal."
107,Susanne Bisovsky,shopping,"Bisovsky greift traditionelle Motive der Tracht auf und verwandelt sie in Couture, sie kombiniert folkloristische Elemente mit Eleganz oder kontrastiert sie mit Punk.",1070,"Bisovsky picks up traditional motifs and turns them into couture, it combines folkloric elements with elegance or contrasts with punk."
108,Susanne Kitz,shopping,"Exklusive Taschen und Schmuck-Unikate aus Halbedelsteinen, Perlmutt und Horn erwarten die Kunden hier.",1010,"Exclusive bags and unique jewelry made of semi-precious stones, mother-of-pearl and horn await customers here."
109,Swarovski Wien,shopping,Die gesamte glitzernde und schillernde Produktvielfalt des weltbekannten Kristall-Designers kann hier bestaunt und auch gekauft werden.,1010,The entire glittering and dazzling product variety of the world-famous crystal designer can be admired and bought here.
110,Tanzquartier Wien,musicstage,"Im MuseumsQuartier, nahe der Hofburg, verfügt dieses österreichische Zentrum für zeigenössischen Tanz und Performance über zwei Veranstaltungsorte.",1070,"In the museum district, near the Hofburg, this Austrian center for showing dance and performance has two venues."
111,Technisches Museum Wien,museum,"Einzigartige Schaustücke aus der Technik- und Industriegeschichte beherbergt dieses Wiener Traditionsmuseum, wie die noch immer flugfähige Ettrich-Taube, die Dampfmaschinen, der bordeauxrote Lohner-Porsche, das Schaubergwerk im Keller... ",1140,"Unique show pieces from the history of technology and industrial history houses this traditional Vienna, such as the still flying Ettrich pigeon, the steam engines, the Bordeauxrote Lohner-Porsche, the show mine in the basement ..."
112,Theater an der Wien,musicstage,"Rund jeden Monat eine Premiere, und das zwölf Monate im Jahr – das bietet das 2006 als Opernhaus eröffnete Theater an der Wien.",1060,"A premiere around every month, and the twelve months a year - this offers the theater at Vienna, which was opened as an opera house in 2006."
113,Theater in der Josefstadt,musicstage,"Eröffnet 1788 ist das Theater in der Josefstadt heute das älteste noch bestehende, ständig bespielte Theater Wiens. Heute bietet man hier einen gelungenen Mix aus Klassikern und Uraufführungen zeitgenössischer Autoren.",1080,"Opened in 1788 the theater in the Josefstadt is the oldest still existing, constantly played theater in Vienna.Today you offer a successful mix of classics and premieres of contemporary authors."
114,Tiergarten Schönbrunn,sightseeing,"Der Tiergarten Schönbrunn in Wien ist der älteste bestehende Zoo der Welt, die einzige erhaltene ""Barock-Menagerie"". Die oberste Maxime des Zoos heute ist aber: ""Schönbrunn soll ein Zoo der glücklichen Tiere sein"" – und das sieht man!",1130,"The Schönbrunn Tiergarten in Vienna is the oldest existing zoo in the world, the only preserved ""baroque menager"".The top maxim of the zoo today is: ""Schönbrunn should be a zoo of happy animals"" - and you can see that!"
115,Tourist-Info,servicepoints,Das Team vom WienTourismus hilft hier bei der Planung Ihres Wienbesuches und bucht vor Ort Ihr Hotel in Wien. Außerdem: gratis Stadtpläne und Boschüren. Geöffnet täglich von 9 bis 19 Uhr.,1010,The Wient Tourism team helps to plan your visit to Vienna and book your hotel in Vienna on site.Also: free city plans and Boschwists.Open daily from 9 a.m. to 7 p.m.
116,U4 Diskothek,nightlife,Die legendärste Disco der Stadt versorgt mittlerweile schon die vierte Generation an Gästen mit Partylaune auf zwei Floors  und den nötigen Drinks.,1120,The most legendary disco in the city is now supplied by the fourth generation of guests with party mood on two floors and the necessary drinks.
117,Unger und Klein,gastronomy,In dieser Kombination aus Weinhandlung und Bar gehen ästhetischer und kulinarischer Genuss eine wunderbare Symbiose ein.,1010,"In this combination of wine shop and bar, aesthetic and culinary enjoyment take a wonderful symbiosis."
118,Volksgarten Clubdiskothek,nightlife,Die Clubdiskothek mit dem blumengeschmückten und palmenbestückten Garten bietet Tanzunterhaltung mit Stil.,1010,The club discotheque with the flower -decorated and palm -covered garden offers dance entertainment with style.
119,Volksoper Wien,musicstage,"Die Volksoper bietet ungeheuer vielfältige Bühnenkunst: Sowohl Opern, klassische Musicals, zeitgenössischen Tanz und Konzerte als auch Operetten.",1090,"The Volksoper offers tremendously diverse stage art: both operas, classic musicals, contemporary dance and concerts as well as operettas."
120,Volkstheater,musicstage,Das Volkstheater wurde 1889 als „bürgerliches Gegenstück“ zum heutigen Burgtheater eröffnet. Das Repertoire des Theaters umfasst neben österreichischen auch deutsche und internationale Klassiker.,1070,"The Volkstheater was opened in 1889 as a ""bourgeois counterpart"" for today's Burgtheater.In addition to Austrian classics, the theater's repertoire includes."
121,WestLicht - Schauplatz für Fotografie,museum,"Das Fotomuseum zeigt 700 wertvolle historische Fotoapparate und Spezialkameras, wechselnde Fotoausstellungen runden das Angebot ab.",1070,"The photo museum shows 700 valuable historical photo apparatus and special cameras, changing photo exhibitions complete the offer."
122,Wien Museum Karlsplatz,museum,Hier wird die Geschichte Wiens von den ersten Ansiedlungen bis zur Gegenwart dokumentiert.,1040,Here the history of Vienna is documented from the first settlements to the present.
123,Wiener Glasmuseum (Lobmeyr) ,museum,Seit beinah 200 Jahren steht dieser Wiener Familienbetrieb für exklusive Glaserzeugung in hochwertigem Design.,1010,This Viennese family business has stood for exclusive glass production in high -quality design for almost 200 years.
124,Wiener Kammeroper ,musicstage,"Dieses Opernhaus steht für aktuelle, niveauvolle Inszenierungen, junge, unverbrauchte Stimmen und ist Sprungbrett für die „Stars von morgen“.",1010,"This opera house stands for current, sophisticated productions, young, unused voices and is a springboard for the ""stars of tomorrow""."
125,Wiener Konzerthaus,musicstage,"Im stimmungsvollen Jugendstil-Ambiente des Konzerthauses kann man nicht nur klassisches Repertoire hören, sondern auch Musik vom Mittelalter bis zu progressivsten Tönen der Gegenwart.",1030,"In the atmospheric Art Nouveau atmosphere of the concert hall, you can not only hear classic repertoire, but also music from the Middle Ages to the most progressive tones of the present."
126,Wiener Porzellanmanufaktur Augarten,shopping,"Augarten Porzellan besticht durch extravagantes Design, zeitlose Eleganz und präzise Handarbeit. ",1020,"Augarten porcelain captivates with extravagant design, timeless elegance and precise manual work."
127,Wiener Sängerknaben,musicstage,"Die ""jüngsten musikalischen Botschafter Wiens"" sind bei den sonntäglichen Heiligen Messen in der Hofburgkapelle zu hören.",1020,"The ""latest musical ambassadors in Vienna"" can be heard at the Sunday trade fairs in the Hofburg Chapel."
128,Wiener Staatsoper,musicstage,Die Wiener Staatsoper ist eine der ersten Opernadressen der Welt. Internationale Spitzeninterpreten und Regisseure genießen es hier ihre Kunst darzubieten.,1010,The Vienna State Opera is one of the first opera addresses in the world.International top interpreters and directors enjoy their art here.
129,Wiener Stadthalle,musicstage,1956 bekam Wien dank Architekt Roland Rainer die Wiener Stadthalle als Aushängeschild für moderne Konzerte und Shows. Die bis dahin unbekannte Größenordnung ermöglichte von Beginn an Events der Sonderklasse.,1150,"In 1956, thanks to architect Roland Rainer, Vienna received the Wiener Stadthalle as a figurehead for modern concerts and shows.The previously unknown size enabled special class events from the start."
130,Würstelstand Albertina,gastronomy,Dieser Würstelstand gilt als zeitgemäße Interpretation dieser Wiener Institution: hier werden auch Bouteillenweine und Sekt angeboten.,1010,This sausage stand is considered a contemporary interpretation of this Viennese institution: BOOWELLENWONE and sparkling wine are also offered here.
131,Würstelstand am Hohen Markt,gastronomy,Seinen Kultfaktor verdankt dieser Würstelstand seinen Öffnungszeiten bis in die frühen Morgenstunden.,1010,This sausage stand owes its cult factor to its opening hours until the early hours of the morning.
132,Zentralfriedhof,sightseeing,"Auf dem mehr als 2 Quadratkilometer große Zentralfriedhof befindet sich die wahrscheinlich größte Anlage von Ehrengräbern der Welt.Ihre letzte Ruhestätte fanden hier u.a Ludwig van Beethoven, Franz Schubert, Johann Strauß und Johannes Brahms.",1110,"The most than 2 square kilometer central cemetery is probably the largest complex of honorary graves in the world. In the final resting place, among other things, Ludwig van Beethoven, Franz Schubert, Johann Strauß and Johannes Brahms."
133,ZOOM Kindermuseum,museum,"Das Kindermuseum im MuseumsQuartier bietet ein ganzjähriges Ausstellungs- und Workshopangebot, sowie ein einzigartiges Multimedialabor.",1070,"The children's museum in the museum quarters offers a year-round exhibition and workshop offer, as well as a unique multimedia laboratory."
134,Zur Schwäbischen Jungfrau,shopping,"Hier findet man exklusive Tisch-, Bett- und Frotteewäsche sowie Daunendecken bester Qualität.",1010,"Here you will find exclusive table, bed and terry linen and down ceilings of the best quality."
